{"count":1,"self":9926.0588032,"total":23247.129228399997,"children":{"InitializeActuators":{"count":35,"self":0.0020005,"total":0.0020005,"children":null},"InitializeSensors":{"count":35,"self":0.0010014,"total":0.0010014,"children":null},"AgentSendState":{"count":1408686,"self":351.0913536,"total":982.41333779999991,"children":{"CollectObservations":{"count":49304010,"self":112.86577919999999,"total":112.8657805,"children":null},"CollectDiscreteActionMasks":{"count":49304010,"self":50.643484799999996,"total":50.6434838,"children":null},"RequestDecision":{"count":49304010,"self":195.70536959999998,"total":467.8127202,"children":{"AgentInfo.ToProto":{"count":49304010,"self":129.3926272,"total":272.1073547,"children":{"GenerateSensorData":{"count":49304010,"self":142.7147264,"total":142.71472459999998,"children":null}}}}}}},"DecideAction":{"count":1408686,"self":12140.3342848,"total":12140.3346415,"children":null},"AgentAct":{"count":1408686,"self":188.0691584,"total":197.2145833,"children":{"AgentInfo.ToProto":{"count":939367,"self":4.1001932,"total":9.1454192,"children":{"GenerateSensorData":{"count":939367,"self":5.0452259999999995,"total":5.0452259999999995,"children":null}}}}},"AgentInfo.ToProto":{"count":84987,"self":0.5475337,"total":1.1040335,"children":{"GenerateSensorData":{"count":84987,"self":0.5564998,"total":0.5564998,"children":null}}}},"gauges":{"Ball.CumulativeReward":{"count":1024354,"max":40.58336,"min":-20.47732,"runningAverage":-1.09395075,"value":0,"weightedAverage":-1.23298013}},"metadata":{"timer_format_version":"0.1.0","start_time_seconds":"1643096439","unity_version":"2021.1.9f1","command_line_arguments":"C:\\Program Files\\Unity\\Hub\\Editor\\2021.1.9f1\\Editor\\Unity.exe -projectpath D:\\Rice\\work\\programming\\danforthhackers game\\SciFairTest -useHub -hubIPC -cloudEnvironment production -licensingIpc LicenseClient-Rafi -hubSessionId 91d8f440-7d90-11ec-9454-e57b9fda51de -accessToken b31SUSXondpAuSBWuoNgoBBOCC_d4BmhVLueliAMM8c003f","communication_protocol_version":"1.1.0","com.unity.ml-agents_version":"1.4.0-preview","scene_name":"AITraining","end_time_seconds":"1643119686"}}