{"count":1,"self":5.6868219999999994,"total":56.2562806,"children":{"InitializeActuators":{"count":35,"self":0.0020016,"total":0.0020016,"children":null},"InitializeSensors":{"count":35,"self":0.0010008999999999999,"total":0.0010008999999999999,"children":null},"AgentSendState":{"count":4917,"self":1.3144361999999998,"total":3.6438189999999997,"children":{"CollectObservations":{"count":172095,"self":0.3220556,"total":0.3220556,"children":null},"CollectDiscreteActionMasks":{"count":172095,"self":0.1420377,"total":0.1420377,"children":null},"RequestDecision":{"count":172095,"self":0.7132115,"total":1.8652894999999998,"children":{"AgentInfo.ToProto":{"count":172095,"self":0.483826,"total":1.152078,"children":{"GenerateSensorData":{"count":172095,"self":0.668252,"total":0.668252,"children":null}}}}}}},"DecideAction":{"count":4917,"self":46.747488,"total":46.7474894,"children":null},"AgentAct":{"count":4917,"self":0.14211569999999998,"total":0.1601207,"children":{"AgentInfo.ToProto":{"count":2168,"self":0.0069949999999999995,"total":0.018005,"children":{"GenerateSensorData":{"count":2168,"self":0.011009999999999999,"total":0.011009999999999999,"children":null}}}}},"AgentInfo.ToProto":{"count":1930,"self":0.0070084,"total":0.0130248,"children":{"GenerateSensorData":{"count":1930,"self":0.0060164,"total":0.0060164,"children":null}}}},"gauges":{"Ball.CumulativeReward":{"count":4098,"max":17.9999981,"min":-19.5858955,"runningAverage":-7.068166,"value":-15.6553106,"weightedAverage":-9.228155}},"metadata":{"timer_format_version":"0.1.0","start_time_seconds":"1641959875","unity_version":"2021.1.9f1","command_line_arguments":"C:\\Program Files\\Unity\\Hub\\Editor\\2021.1.9f1\\Editor\\Unity.exe -projectpath D:\\Solutions\\SciFairTest -useHub -hubIPC -cloudEnvironment production -licensingIpc LicenseClient-User -hubSessionId 1987f650-72e9-11ec-927e-4dd5f31524eb -accessToken UIRbtd3qpzOMBoXUXJ-xUuMVbJRD1ZkRRyanRaQG990003f","communication_protocol_version":"1.1.0","com.unity.ml-agents_version":"1.4.0-preview","scene_name":"SampleScene","end_time_seconds":"1641959931"}}