{"count":1,"self":24152.2900992,"total":51511.5092793,"children":{"InitializeActuators":{"count":35,"self":0.0020024,"total":0.0020024,"children":null},"InitializeSensors":{"count":35,"self":0.0015015999999999999,"total":0.0015015999999999999,"children":null},"AgentSendState":{"count":2894352,"self":734.7257856,"total":2081.0288107,"children":{"CollectObservations":{"count":101302320,"self":241.26853119999998,"total":241.2685229,"children":null},"CollectDiscreteActionMasks":{"count":101302320,"self":111.344256,"total":111.3442618,"children":null},"RequestDecision":{"count":101302320,"self":411.0842368,"total":993.69021739999994,"children":{"AgentInfo.ToProto":{"count":101302320,"self":276.1246208,"total":582.6059913,"children":{"GenerateSensorData":{"count":101302320,"self":306.48135679999996,"total":306.4813648,"children":null}}}}}}},"DecideAction":{"count":2894352,"self":24930.674278399998,"total":24930.674496199998,"children":null},"AgentAct":{"count":2894352,"self":329.149056,"total":347.00103989999997,"children":{"AgentInfo.ToProto":{"count":2006231,"self":7.826376,"total":17.8519719,"children":{"GenerateSensorData":{"count":2006231,"self":10.025596,"total":10.025596199999999,"children":null}}}}},"AgentInfo.ToProto":{"count":37669,"self":0.262766,"total":0.5110349,"children":{"GenerateSensorData":{"count":37669,"self":0.2482689,"total":0.2482689,"children":null}}}},"gauges":{"Ball.CumulativeReward":{"count":2043900,"max":42.5000267,"min":-21.4240112,"runningAverage":-1.14042592,"value":0,"weightedAverage":-3.86639}},"metadata":{"timer_format_version":"0.1.0","start_time_seconds":"1642747745","unity_version":"2021.1.9f1","command_line_arguments":"C:\\Program Files\\Unity\\Hub\\Editor\\2021.1.9f1\\Editor\\Unity.exe -projectpath D:\\Rice\\work\\programming\\danforthhackers game\\SciFairTest -useHub -hubIPC -cloudEnvironment production -licensingIpc LicenseClient-Rafi -hubSessionId a04b90a0-7a4d-11ec-89f5-d92a95e64720 -accessToken K2hdm0WXy36VASY_-40IvZTX0WNgwUGPfcJ7zu070gw003f","communication_protocol_version":"1.1.0","com.unity.ml-agents_version":"1.4.0-preview","scene_name":"SampleScene","end_time_seconds":"1642799256"}}