{"count":1,"self":10.5970792,"total":87.126560099999992,"children":{"InitializeActuators":{"count":35,"self":0.0010015,"total":0.0010015,"children":null},"InitializeSensors":{"count":35,"self":0.0010008,"total":0.0010008,"children":null},"AgentSendState":{"count":7784,"self":1.9454813999999998,"total":5.3266588,"children":{"CollectObservations":{"count":272440,"self":0.3964081,"total":0.3964081,"children":null},"CollectDiscreteActionMasks":{"count":272440,"self":0.2009549,"total":0.2009549,"children":null},"RequestDecision":{"count":272440,"self":1.1126059,"total":2.7838144,"children":{"AgentInfo.ToProto":{"count":272440,"self":0.71366699999999994,"total":1.6712084999999999,"children":{"GenerateSensorData":{"count":272440,"self":0.95754149999999993,"total":0.95754149999999993,"children":null}}}}}}},"DecideAction":{"count":7784,"self":69.7298048,"total":69.7298065,"children":null},"AgentAct":{"count":7784,"self":1.4289919,"total":1.4640164999999998,"children":{"AgentInfo.ToProto":{"count":4992,"self":0.0160223,"total":0.035024599999999996,"children":{"GenerateSensorData":{"count":4992,"self":0.0190023,"total":0.0190023,"children":null}}}}},"AgentInfo.ToProto":{"count":907,"self":0.0029931999999999997,"total":0.0049961,"children":{"GenerateSensorData":{"count":907,"self":0.0020028999999999997,"total":0.0020028999999999997,"children":null}}}},"gauges":{"Ball.CumulativeReward":{"count":5899,"max":0,"min":-20.4890728,"runningAverage":-2.84637237,"value":-11.2735224,"weightedAverage":-3.16474366}},"metadata":{"timer_format_version":"0.1.0","start_time_seconds":"1638504849","unity_version":"2021.1.9f1","command_line_arguments":"G:\\Program Files (x86)\\2021.1.9f1\\Editor\\Unity.exe -projectpath G:\\Solutions\\SciFairTest -useHub -hubIPC -cloudEnvironment production -licensingIpc LicenseClient-User -hubSessionId b53b6820-53b8-11ec-985c-5bada48bdd47 -accessToken bmXzamYISwmqtLIURw1p3pgyjpsB91u1BYdd3n8iOzU003f","communication_protocol_version":"1.1.0","com.unity.ml-agents_version":"1.4.0-preview","scene_name":"SampleScene","end_time_seconds":"1638504936"}}